<?xml version="1.0" encoding="UTF-8" standalone="yes"?>
<addon id="plugin.video.acrosswizard" name="Across the Globe Wizard" version="1.0.0" provider-name="Across the Globe">
  <requires>
    <import addon="xbmc.python" version="2.1.0"/>
  </requires>
  <extension point="xbmc.python.pluginsource" library="default.py">
        <provides>video executable</provides>
  </extension>
  <extension point="xbmc.addon.metadata">
    <summary lang="en">Across the Globe</summary>
    <description lang="en">Easy Install With Across the Globe Wizard</description>
    <platform>all</platform>
  </extension>
</addon>
