<?xml version="1.0" encoding="UTF-8" standalone="yes"?>
<addon id="repository.acrosstheglobe" name="Across the Globe Addons" version="1.0" provider-name="Across the Globe">
	<extension point="xbmc.addon.repository" name="Across the Globe Addons">
		<info compressed="false">https://github.com/halboun/wizard/blob/master/addons.xml</info>
<datadir zip="false">https://github.com/halboun/wizard/blob/master/zips</datadir>
	</extension>
	<extension point="xbmc.addon.metadata">
		<summary>Repo for Across the Globe Wizard</summary>
		<description>Download and install the most power wizard.......OFFICIAL!!</description>
		<platform>all</platform>
	</extension>
</addon>

